goods_name,detail_url,price
乐高哈利波特系列霍格沃茨城堡71043成人收藏,https://detail.tmall.com/item.htm?id=584463158898&rn=23091c083543a000949d071d61c5f0af&abbucket=5,3999.00
乐高旗舰店Ideas系列21319中央咖啡厅老友记收藏送礼,https://detail.tmall.com/item.htm?id=602861773244&rn=23091c083543a000949d071d61c5f0af&abbucket=5,699.00
乐高旗舰店官网2020年新品10269 哈雷戴维森?肥仔?摩托车成人收藏,https://detail.tmall.com/item.htm?id=609666217428&rn=23091c083543a000949d071d61c5f0af&abbucket=5,999.00
乐高旗舰店官网2020年新品Ideas系列21320恐龙化石男女孩玩具礼物,https://detail.tmall.com/item.htm?id=610131579478&rn=23091c083543a000949d071d61c5f0af&abbucket=5,599.00
乐高旗舰店官网10874智能蒸汽火车遥控轨道大颗粒益智积木玩具,https://detail.tmall.com/item.htm?id=574200205913&rn=23091c083543a000949d071d61c5f0af&abbucket=5,549.00
乐高旗舰店官网幻影忍者系列 71699 雷霆突击战车,https://detail.tmall.com/item.htm?id=609967853576&rn=23091c083543a000949d071d61c5f0af&abbucket=5,409.00
乐高旗舰店官网Ideas系列21317汽船威利玩具积木收藏送礼积木玩具,https://detail.tmall.com/item.htm?id=597551219831&rn=23091c083543a000949d071d61c5f0af&abbucket=5,899.00
乐高旗舰店官网2020年新品 机械组42109Top Gear拉力赛车积木玩具,https://detail.tmall.com/item.htm?id=609417967022&rn=23091c083543a000949d071d61c5f0af&abbucket=5,1199.00
乐高旗舰店官网城市组太空系列60226火星探测航天飞机积木玩具,https://detail.tmall.com/item.htm?id=595641000323&rn=23091c083543a000949d071d61c5f0af&abbucket=5,299.00
乐高旗舰店官网42093雪佛兰科尔维特ZR1跑车积木玩具汽车,https://detail.tmall.com/item.htm?id=584320658673&rn=23091c083543a000949d071d61c5f0af&abbucket=5,449.00
乐高旗舰店官网得宝系列10887我的自由创意趣玩箱大颗粒玩具积木,https://detail.tmall.com/item.htm?id=584459015972&rn=23091c083543a000949d071d61c5f0af&abbucket=5,349.00
乐高旗舰店官网经典创意系列10715乐高多轮创意拼砌盒积木玩具,https://detail.tmall.com/item.htm?id=563135108452&rn=23091c083543a000949d071d61c5f0af&abbucket=5,299.00
乐高旗舰店官网3月新品76895超级赛车系列法拉利赛车积木玩具男孩,https://detail.tmall.com/item.htm?id=611920324533&rn=23091c083543a000949d071d61c5f0af&abbucket=5,199.00
乐高旗舰店官网41395友谊巴士男女孩积木玩具送礼汽车,https://detail.tmall.com/item.htm?id=609530299772&rn=23091c083543a000949d071d61c5f0af&abbucket=5,699.00
乐高旗舰店官网2020年新品城市组60243直升机大追击积木玩具,https://detail.tmall.com/item.htm?id=608902548896&rn=23091c083543a000949d071d61c5f0af&abbucket=5,299.00
乐高旗舰店官网好朋友系列41366奥莉薇亚的草莓蛋糕咖啡店积木,https://detail.tmall.com/item.htm?id=584312666870&rn=23091c083543a000949d071d61c5f0af&abbucket=5,299.00
乐高旗舰店官网41393烘焙大赛女孩过家家积木玩具送礼,https://detail.tmall.com/item.htm?id=609304002459&rn=23091c083543a000949d071d61c5f0af&abbucket=5,399.00
乐高旗舰店官网城市组60214汉堡店消防救援男女孩玩具积木送礼,https://detail.tmall.com/item.htm?id=584455895607&rn=23091c083543a000949d071d61c5f0af&abbucket=5,299.00
乐高旗舰店官网2020年新品超级英雄76139 1989Batmobile? 蝙蝠车,https://detail.tmall.com/item.htm?id=609669377095&rn=23091c083543a000949d071d61c5f0af&abbucket=5,2099.00
乐高旗舰店官网积木玩具得宝系列10847数字火车大颗粒儿童玩具,https://detail.tmall.com/item.htm?id=18491827321&rn=23091c083543a000949d071d61c5f0af&abbucket=5,199.00
乐高10914豪华缤纷桶大颗粒益智儿童积木玩具,https://detail.tmall.com/item.htm?id=610194551544&rn=23091c083543a000949d071d61c5f0af&abbucket=5,499.00
乐高旗舰店官网得宝系列10913中号缤纷桶大颗粒益智儿童积木玩具,https://detail.tmall.com/item.htm?id=609958674358&rn=23091c083543a000949d071d61c5f0af&abbucket=5,299.00
乐高旗舰店官网2020年新品迪士尼系列 43178 灰姑娘的城堡庆典,https://detail.tmall.com/item.htm?id=610647827290&rn=23091c083543a000949d071d61c5f0af&abbucket=5,299.00
乐高旗舰店官网3月新品76148超级英雄系列蜘蛛侠大战章鱼博士积木,https://detail.tmall.com/item.htm?id=612676851470&rn=23091c083543a000949d071d61c5f0af&abbucket=5,299.00
乐高旗舰店官网60254赛艇运输车积木男女孩玩具送礼,https://detail.tmall.com/item.htm?id=611049188758&rn=23091c083543a000949d071d61c5f0af&abbucket=5,299.00
乐高旗舰店官网幻影忍者系列71702黄金机甲 玩具积木,https://detail.tmall.com/item.htm?id=610234742481&rn=23091c083543a000949d071d61c5f0af&abbucket=5,399.00
乐高旗舰店官网幻影忍者系列70673赞的高科技直升机LEGO积木玩具,https://detail.tmall.com/item.htm?id=596234087810&rn=23091c083543a000949d071d61c5f0af&abbucket=5,299.00
乐高旗舰店官网得宝系列10899冰雪奇缘城堡大颗粒益智玩具积木,https://detail.tmall.com/item.htm?id=598857790607&rn=23091c083543a000949d071d61c5f0af&abbucket=5,499.00
乐高旗舰店官网2020年新品机械组42104亮橙色高速赛车积木玩具,https://detail.tmall.com/item.htm?id=609065209079&rn=23091c083543a000949d071d61c5f0af&abbucket=5,199.00
乐高旗舰店官网3月新品76162超级英雄系列黑寡妇直升机追逐积木,https://detail.tmall.com/item.htm?id=612434934889&rn=23091c083543a000949d071d61c5f0af&abbucket=5,299.00
乐高旗舰店官网10875智能货运火遥控轨道车大颗粒积木玩具,https://detail.tmall.com/item.htm?id=574410311442&rn=23091c083543a000949d071d61c5f0af&abbucket=5,1099.00
乐高旗舰店官网3月新品城市组60256城市赛车积木男女孩玩具送礼,https://detail.tmall.com/item.htm?id=612190089754&rn=23091c083543a000949d071d61c5f0af&abbucket=5,249.00
乐高旗舰店官网2020年新品好朋友系列41392趣味野营女孩积木玩具,https://detail.tmall.com/item.htm?id=609531507140&rn=23091c083543a000949d071d61c5f0af&abbucket=5,299.00
乐高旗舰店官网城市组60216城市消防救援队男女孩儿童玩具积木,https://detail.tmall.com/item.htm?id=584724899412&rn=23091c083543a000949d071d61c5f0af&abbucket=5,899.00
乐高旗舰店官网10929梦想之家大颗粒益智儿童积木玩具,https://detail.tmall.com/item.htm?id=609730549224&rn=23091c083543a000949d071d61c5f0af&abbucket=5,599.00
乐高旗舰店官网经典创意系列10696/10698积木玩具合集,https://detail.tmall.com/item.htm?id=564175121101&rn=23091c083543a000949d071d61c5f0af&abbucket=5,349.00
乐高旗舰店官网3月新品超级英雄系列76141漫威灭霸机甲积木玩具,https://detail.tmall.com/item.htm?id=612436082070&rn=23091c083543a000949d071d61c5f0af&abbucket=5,99.00
乐高旗舰店官网2020年新品幻影忍者 71709 杰和劳埃德的极速赛车,https://detail.tmall.com/item.htm?id=609732120608&rn=23091c083543a000949d071d61c5f0af&abbucket=5,299.00
乐高旗舰店官网幻影忍者系列 71712 帝国疯狂神殿,https://detail.tmall.com/item.htm?id=609998281557&rn=23091c083543a000949d071d61c5f0af&abbucket=5,799.00
乐高旗舰店官网好朋友迪士尼公主系列积木玩具女孩儿童益智送礼,https://detail.tmall.com/item.htm?id=586592770641&rn=23091c083543a000949d071d61c5f0af&abbucket=5,199.00
乐高旗舰店官网经典创意系列拼搭趣味套装11005LEGO,https://detail.tmall.com/item.htm?id=583983236809&rn=23091c083543a000949d071d61c5f0af&abbucket=5,319.00
乐高旗舰店官网幻影忍者系列70676劳埃德的泰坦机甲LEGO玩具积木,https://detail.tmall.com/item.htm?id=596236147265&rn=23091c083543a000949d071d61c5f0af&abbucket=5,799.00
乐高旗舰店官网经典创意10696经典创意中号积木盒LEGO积木玩具,https://detail.tmall.com/item.htm?id=523259463052&rn=23091c083543a000949d071d61c5f0af&abbucket=5,349.00
乐高旗舰店官网得宝系列大颗粒儿童玩具益智启蒙拼搭男孩女孩送礼,https://detail.tmall.com/item.htm?id=564790769853&rn=23091c083543a000949d071d61c5f0af&abbucket=5,199.00
乐高旗舰店官网3月新品得宝系列10921超级英雄实验室大颗粒益智,https://detail.tmall.com/item.htm?id=611920108841&rn=23091c083543a000949d071d61c5f0af&abbucket=5,299.00
乐高旗舰店官网2020年新品60246 乐高城市警局 积木,https://detail.tmall.com/item.htm?id=609396910791&rn=23091c083543a000949d071d61c5f0af&abbucket=5,899.00
乐高旗舰店官网42110路虎卫士越野车玩具积木积木玩具,https://detail.tmall.com/item.htm?id=603600793628&rn=23091c083543a000949d071d61c5f0af&abbucket=5,1999.00
乐高旗舰店官网2020年新品得宝系列10909心形创意积木盒大颗粒,https://detail.tmall.com/item.htm?id=610184619473&rn=23091c083543a000949d071d61c5f0af&abbucket=5,199.00
乐高旗舰店官网得宝系列2304得宝创意拼砌板大颗粒益智儿童积木,https://detail.tmall.com/item.htm?id=545402989924&rn=23091c083543a000949d071d61c5f0af&abbucket=5,139.00
乐高旗舰店官网城市组60244警用直升机运输车,https://detail.tmall.com/item.htm?id=609398642513&rn=23091c083543a000949d071d61c5f0af&abbucket=5,449.00
乐高旗舰店官网幻影忍者系列71711杰的二次元神龙,https://detail.tmall.com/item.htm?id=610236726622&rn=23091c083543a000949d071d61c5f0af&abbucket=5,499.00
乐高旗舰店官网机械组 42108 移动式起重机 积木玩具,https://detail.tmall.com/item.htm?id=609525887843&rn=23091c083543a000949d071d61c5f0af&abbucket=5,999.00
乐高旗舰店官网3月新品超级赛车系列76897奥迪S1赛车积木男孩玩具,https://detail.tmall.com/item.htm?id=612677151146&rn=23091c083543a000949d071d61c5f0af&abbucket=5,199.00
乐高旗舰店官网机械组42100利勃海尔挖掘机成人送礼收藏高难度,https://detail.tmall.com/item.htm?id=602255582673&rn=23091c083543a000949d071d61c5f0af&abbucket=5,3799.00
【会员专享】乐高旗舰店官网城市组太空60229火箭装载与运输中心,https://detail.tmall.com/item.htm?id=596231623049&rn=23091c083543a000949d071d61c5f0af&abbucket=5,1199.00
乐高旗舰店官网75947海格小屋-营救巴克比克,https://detail.tmall.com/item.htm?id=597188185906&rn=23091c083543a000949d071d61c5f0af&abbucket=5,589.00
乐高旗舰店官网76143复仇者联盟大战武装卡车积木玩具,https://detail.tmall.com/item.htm?id=612437130441&rn=23091c083543a000949d071d61c5f0af&abbucket=5,399.00
乐高旗舰店官网31105城镇玩具店积木玩具,https://detail.tmall.com/item.htm?id=611921052203&rn=23091c083543a000949d071d61c5f0af&abbucket=5,449.00
乐高旗舰店官网3月新品城市组60257车辆服务站积木男女孩玩具送礼,https://detail.tmall.com/item.htm?id=612676199492&rn=23091c083543a000949d071d61c5f0af&abbucket=5,499.00
乐高旗舰店官网得宝系列10915字母卡车大颗粒益智儿童积木玩具,https://detail.tmall.com/item.htm?id=609465112643&rn=23091c083543a000949d071d61c5f0af&abbucket=5,299.00
乐高旗舰店官网3月新品城市组60251巨轮越野车积木男女孩玩具礼物,https://detail.tmall.com/item.htm?id=612670835605&rn=23091c083543a000949d071d61c5f0af&abbucket=5,99.00
乐高旗舰店官网3月新品城市组60267狩猎越野车积木男女孩玩具送礼,https://detail.tmall.com/item.htm?id=611921232018&rn=23091c083543a000949d071d61c5f0af&abbucket=5,199.00
乐高旗舰店官网3月新品创意百变系列三合一31104巨轮汉堡车积木,https://detail.tmall.com/item.htm?id=612190693405&rn=23091c083543a000949d071d61c5f0af&abbucket=5,549.00
乐高旗舰店官网得宝系列10863我的创意动物大巡游大颗粒益智玩具,https://detail.tmall.com/item.htm?id=563373966238&rn=23091c083543a000949d071d61c5f0af&abbucket=5,299.00
乐高旗舰店官网得宝系列10597米奇和米妮的生日派对LEGO大颗粒,https://detail.tmall.com/item.htm?id=520362829812&rn=23091c083543a000949d071d61c5f0af&abbucket=5,299.00
乐高旗舰店官网 LEGO积木 儿童玩具男孩 积木拼装玩具益智,https://detail.tmall.com/item.htm?id=565276556474&rn=23091c083543a000949d071d61c5f0af&abbucket=5,99.00
乐高旗舰店官网2020年新品机械组 42103 亮绿色改装赛车 积木玩具,https://detail.tmall.com/item.htm?id=609527759529&rn=23091c083543a000949d071d61c5f0af&abbucket=5,199.00
乐高旗舰店官网新品得宝系列10910潜艇大冒险大颗粒益智儿童积木,https://detail.tmall.com/item.htm?id=597549279914&rn=23091c083543a000949d071d61c5f0af&abbucket=5,199.00
乐高旗舰店官42105漂浮双体船积木男女孩玩具,https://detail.tmall.com/item.htm?id=609995933090&rn=23091c083543a000949d071d61c5f0af&abbucket=5,399.00
乐高旗舰店官网3月新品创意百变系列三合一31102喷火龙积木玩具,https://detail.tmall.com/item.htm?id=611916340833&rn=23091c083543a000949d071d61c5f0af&abbucket=5,229.00
乐高旗舰店官网机械组赛车拼装积木玩具成年高难度送礼收藏车模,https://detail.tmall.com/item.htm?id=564590722453&rn=23091c083543a000949d071d61c5f0af&abbucket=5,99.00
乐高旗舰店官网城市组太空系列60230航天小人仔套装男孩积木玩具,https://detail.tmall.com/item.htm?id=595876449001&rn=23091c083543a000949d071d61c5f0af&abbucket=5,449.00
乐高旗舰店官网城市组60245巨轮越野车大劫案男女孩积木玩具送礼,https://detail.tmall.com/item.htm?id=609162021350&rn=23091c083543a000949d071d61c5f0af&abbucket=5,499.00
乐高旗舰店官网机械组42082复杂地形起重机成人送礼收藏高难度,https://detail.tmall.com/item.htm?id=573797861118&rn=23091c083543a000949d071d61c5f0af&abbucket=5,2199.00
乐高旗舰店官网2020年新品益智拼搭积木男女孩益智玩具送礼收藏,https://detail.tmall.com/item.htm?id=586744071958&rn=23091c083543a000949d071d61c5f0af&abbucket=5,299.00
乐高旗舰店官网3月新品超级英雄系列76149神秘客的威胁积木玩具,https://detail.tmall.com/item.htm?id=612676291481&rn=23091c083543a000949d071d61c5f0af&abbucket=5,349.00
乐高旗舰店官网星球大战系列75255尤达大师积木玩具,https://detail.tmall.com/item.htm?id=602449523033&rn=23091c083543a000949d071d61c5f0af&abbucket=5,999.00
乐高旗舰店官网城市组60139移动指挥中心儿童男孩益智积木玩具,https://detail.tmall.com/item.htm?id=36856935572&rn=23091c083543a000949d071d61c5f0af&abbucket=5,399.00
乐高旗舰店官网超级英雄系列76144复仇者联盟直升机-空降浩克,https://detail.tmall.com/item.htm?id=602862097250&rn=23091c083543a000949d071d61c5f0af&abbucket=5,599.00
乐高旗舰店官网2020年新品幻影忍者系列71707 凯的机甲喷气式飞机,https://detail.tmall.com/item.htm?id=610236282369&rn=23091c083543a000949d071d61c5f0af&abbucket=5,199.00
乐高旗舰店官网Friends 斯蒂芬妮的马术大赛 41367 LEGO玩具积木,https://detail.tmall.com/item.htm?id=584788296989&rn=23091c083543a000949d071d61c5f0af&abbucket=5,449.00
乐高旗舰店官网科技组MINDSTORMS 31313 EV3第三代机器人积木玩具,https://detail.tmall.com/item.htm?id=35426571594&rn=23091c083543a000949d071d61c5f0af&abbucket=5,4699.00
乐高旗舰店官网Ideas系列21318树屋玩具积木成人收藏送礼,https://detail.tmall.com/item.htm?id=602254250618&rn=23091c083543a000949d071d61c5f0af&abbucket=5,1699.00
【会员专享】乐高旗舰店官网机械组42110路虎卫士越野车,https://detail.tmall.com/item.htm?id=603082002605&rn=23091c083543a000949d071d61c5f0af&abbucket=5,1999.00
乐高旗舰店官网大电影甜美梅亨的西斯塔太空船70830LEGO玩具积木,https://detail.tmall.com/item.htm?id=584397642746&rn=23091c083543a000949d071d61c5f0af&abbucket=5,749.00
【会员专享】乐高迪士尼公主系列43172艾莎的魔法冰雪城堡,https://detail.tmall.com/item.htm?id=600918499258&rn=23091c083543a000949d071d61c5f0af&abbucket=5,799.00
乐高旗舰店官网守望先锋系列75975监测站直布陀罗LEGO,https://detail.tmall.com/item.htm?id=581428583190&rn=23091c083543a000949d071d61c5f0af&abbucket=5,899.00
乐高旗舰店官网2020年新品88008中位电机 玩具积木,https://detail.tmall.com/item.htm?id=610187974462&rn=23091c083543a000949d071d61c5f0af&abbucket=5,169.00
乐高旗舰店21319中央咖啡厅老友记收藏送礼,https://detail.tmall.com/item.htm?id=602509475913&rn=23091c083543a000949d071d61c5f0af&abbucket=5,699.00
乐高旗舰店官网21318树屋玩具积木成人送礼,https://detail.tmall.com/item.htm?id=602621896046&rn=23091c083543a000949d071d61c5f0af&abbucket=5,1699.00
乐高哈利波特系列霍格沃茨城堡71043成人收藏,https://detail.tmall.com/item.htm?id=584463158898&rn=23091c083543a000949d071d61c5f0af,3999.00
乐高旗舰店Ideas系列21319中央咖啡厅老友记收藏送礼,https://detail.tmall.com/item.htm?id=602861773244&rn=23091c083543a000949d071d61c5f0af,699.00
乐高旗舰店官网2020年新品10269 哈雷戴维森?肥仔?摩托车成人收藏,https://detail.tmall.com/item.htm?id=609666217428&rn=23091c083543a000949d071d61c5f0af,999.00
乐高旗舰店官网2020年新品Ideas系列21320恐龙化石男女孩玩具礼物,https://detail.tmall.com/item.htm?id=610131579478&rn=23091c083543a000949d071d61c5f0af,599.00
乐高旗舰店官网10874智能蒸汽火车遥控轨道大颗粒益智积木玩具,https://detail.tmall.com/item.htm?id=574200205913&rn=23091c083543a000949d071d61c5f0af,549.00
乐高旗舰店官网幻影忍者系列 71699 雷霆突击战车,https://detail.tmall.com/item.htm?id=609967853576&rn=23091c083543a000949d071d61c5f0af,409.00
乐高旗舰店官网Ideas系列21317汽船威利玩具积木收藏送礼积木玩具,https://detail.tmall.com/item.htm?id=597551219831&rn=23091c083543a000949d071d61c5f0af,899.00
乐高旗舰店官网2020年新品 机械组42109Top Gear拉力赛车积木玩具,https://detail.tmall.com/item.htm?id=609417967022&rn=23091c083543a000949d071d61c5f0af,1199.00
乐高旗舰店官网大电影系列70837Shimmer&Shine闪亮水疗馆玩具积木,https://detail.tmall.com/item.htm?id=592801391800&rn=9925d22ebab11d54e2eaf2d7b646c7c6&abbucket=5,799.00
乐高60215消防局男女孩儿童益智玩具积木送礼,https://detail.tmall.com/item.htm?id=613213843744&rn=9925d22ebab11d54e2eaf2d7b646c7c6&abbucket=5,549.00
乐高旗舰店官网42093雪佛兰科尔维特ZR1跑车,https://detail.tmall.com/item.htm?id=585381710921&rn=9925d22ebab11d54e2eaf2d7b646c7c6&abbucket=5,449.00
乐高旗舰店官网幻影忍者系列70668雷电忍者杰的暴风战机玩具积木,https://detail.tmall.com/item.htm?id=594584393571&rn=9925d22ebab11d54e2eaf2d7b646c7c6&abbucket=5,449.00
乐高旗舰店官网得宝系列10887我的自由创意趣玩箱,https://detail.tmall.com/item.htm?id=586900183813&rn=9925d22ebab11d54e2eaf2d7b646c7c6&abbucket=5,249.00
乐高旗舰店官网城市组60226火星探测航天飞机,https://detail.tmall.com/item.htm?id=596299455507&rn=9925d22ebab11d54e2eaf2d7b646c7c6&abbucket=5,219.00
乐高旗舰店官网3月新品超级赛车76895+76896+76897+76898+76899,https://detail.tmall.com/item.htm?id=611915328623&rn=9925d22ebab11d54e2eaf2d7b646c7c6&abbucket=5,1595.00
乐高旗舰店好朋友41366奥莉薇亚的草莓蛋糕咖啡店,https://detail.tmall.com/item.htm?id=591066906492&rn=9925d22ebab11d54e2eaf2d7b646c7c6&abbucket=5,209.00
乐高旗舰店官网Ideas系列21320恐龙化石男女孩玩具礼物,https://detail.tmall.com/item.htm?id=610416531080&rn=9925d22ebab11d54e2eaf2d7b646c7c6&abbucket=5,599.00
乐高旗舰店官网超级赛车系列76899兰博基尼男孩玩具送礼,https://detail.tmall.com/item.htm?id=611727121798&rn=9925d22ebab11d54e2eaf2d7b646c7c6&abbucket=5,599.00
乐高旗舰店官网10269哈雷戴维森?肥仔?摩托车,https://detail.tmall.com/item.htm?id=551329007409&rn=9925d22ebab11d54e2eaf2d7b646c7c6&abbucket=5,999.00
乐高旗舰店官网10266NASA阿波罗11号登月舱成人收藏,https://detail.tmall.com/item.htm?id=609905882845&rn=9925d22ebab11d54e2eaf2d7b646c7c6&abbucket=5,999.00
乐高旗舰店官网10874智能蒸汽火车遥控轨道大颗粒益智积木玩具,https://detail.tmall.com/item.htm?id=602866589873&rn=9925d22ebab11d54e2eaf2d7b646c7c6&abbucket=5,549.00
乐高旗舰店官网3月新品Classic系列11010白色底板积木玩具,https://detail.tmall.com/item.htm?id=612677247037&rn=9925d22ebab11d54e2eaf2d7b646c7c6&abbucket=5,99.00
乐高旗舰店2020年新品42109Top Gear拉力赛车,https://detail.tmall.com/item.htm?id=610647323970&rn=9925d22ebab11d54e2eaf2d7b646c7c6&abbucket=5,999.00
乐高旗舰店官网机械组42099RCX-treme遥控越野车玩具积木车模送礼,https://detail.tmall.com/item.htm?id=613132701123&rn=9925d22ebab11d54e2eaf2d7b646c7c6&abbucket=5,1999.00
乐高旗舰店官网41395友谊巴士男女孩积木玩具送礼汽车,https://detail.tmall.com/item.htm?id=609914900258&rn=9925d22ebab11d54e2eaf2d7b646c7c6&abbucket=5,569.00
乐高经典创意系列10698经典创意大号积木盒积木玩具,https://detail.tmall.com/item.htm?id=14696691081&rn=9925d22ebab11d54e2eaf2d7b646c7c6&abbucket=5,499.00
乐高幻影忍者系列70676劳埃德的泰坦机甲,https://detail.tmall.com/item.htm?id=613617683765&rn=9925d22ebab11d54e2eaf2d7b646c7c6&abbucket=5,799.00
乐高旗舰店官网2020年1月新品88007色彩与距离传感器玩具积木,https://detail.tmall.com/item.htm?id=610415531163&rn=9925d22ebab11d54e2eaf2d7b646c7c6&abbucket=5,139.00
乐高超级英雄系列76125钢铁侠机甲陈列室—VIP,https://detail.tmall.com/item.htm?id=613134245260&rn=9925d22ebab11d54e2eaf2d7b646c7c6&abbucket=5,559.00
乐高旗舰店官网10915字母卡车大颗粒益智儿童积木玩具,https://detail.tmall.com/item.htm?id=545263639127&rn=9925d22ebab11d54e2eaf2d7b646c7c6&abbucket=5,249.00
乐高旗舰店官网机械组42095遥控特技赛车儿童玩具积木送礼收藏,https://detail.tmall.com/item.htm?id=594585101079&rn=9925d22ebab11d54e2eaf2d7b646c7c6&abbucket=5,799.00
乐高旗舰店官网机械组42110路虎卫士越野车,https://detail.tmall.com/item.htm?id=604099446175&rn=9925d22ebab11d54e2eaf2d7b646c7c6&abbucket=5,1999.00
乐高旗舰店官网城市组60139移动指挥中心积木玩具,https://detail.tmall.com/item.htm?id=543592907279&rn=9925d22ebab11d54e2eaf2d7b646c7c6&abbucket=5,279.00
乐高旗舰店幻影忍者系列70676劳埃德的泰坦机甲积木,https://detail.tmall.com/item.htm?id=595888031150&rn=9925d22ebab11d54e2eaf2d7b646c7c6&abbucket=5,579.00
乐高旗舰店官网75954霍格沃茨城堡玩具积木成人收藏,https://detail.tmall.com/item.htm?id=574373502815&rn=9925d22ebab11d54e2eaf2d7b646c7c6&abbucket=5,909.00
乐高2020年新品建筑系列21051东京天际线积木,https://detail.tmall.com/item.htm?id=610904806552&rn=9925d22ebab11d54e2eaf2d7b646c7c6&abbucket=5,599.00
乐高旗舰店官网幻影忍者系列 71699 雷霆突击战车,https://detail.tmall.com/item.htm?id=610629789741&rn=9925d22ebab11d54e2eaf2d7b646c7c6&abbucket=5,499.00
乐高2020年新品幻影忍者系列71702黄金机甲,https://detail.tmall.com/item.htm?id=610448837338&rn=9925d22ebab11d54e2eaf2d7b646c7c6&abbucket=5,329.00
乐高60215消防局男女孩儿童益智玩具积木送礼,https://detail.tmall.com/item.htm?id=585246985137&rn=9925d22ebab11d54e2eaf2d7b646c7c6&abbucket=5,399.00
乐高2020年新品城市组60244警用直升机运输车,https://detail.tmall.com/item.htm?id=610179817026&rn=9925d22ebab11d54e2eaf2d7b646c7c6&abbucket=5,369.00
乐高旗舰店官网2020年新品 好朋友系列 41391 心湖城美发沙龙,https://detail.tmall.com/item.htm?id=609304838224&rn=9925d22ebab11d54e2eaf2d7b646c7c6&abbucket=5,199.00
乐高旗舰店官网10929梦想之家大颗粒益智儿童积木玩具,https://detail.tmall.com/item.htm?id=610629285396&rn=9925d22ebab11d54e2eaf2d7b646c7c6&abbucket=5,489.00
乐高旗舰店官网10914豪华缤纷桶大颗粒益智儿童积木玩具,https://detail.tmall.com/item.htm?id=610628949553&rn=9925d22ebab11d54e2eaf2d7b646c7c6&abbucket=5,419.00
乐高旗舰店官网机械组42110路虎卫士越野车玩具积木,https://detail.tmall.com/item.htm?id=602259206102&rn=9925d22ebab11d54e2eaf2d7b646c7c6&abbucket=5,1699.00
乐高旗舰店官网10875智能货运火车遥控轨道,https://detail.tmall.com/item.htm?id=612857388398&rn=9925d22ebab11d54e2eaf2d7b646c7c6&abbucket=5,789.00
乐高旗舰店官网42096保时捷911RSR赛车成人送礼收藏车模,https://detail.tmall.com/item.htm?id=585380486515&rn=9925d22ebab11d54e2eaf2d7b646c7c6&abbucket=5,1399.00
乐高旗舰店幻影忍者系列70668雷电忍者杰的暴风战机,https://detail.tmall.com/item.htm?id=589951641194&rn=9925d22ebab11d54e2eaf2d7b646c7c6&abbucket=5,329.00
乐高旗舰店官网42100利勃海尔挖掘机成人送礼收藏高难度,https://detail.tmall.com/item.htm?id=603078278469&rn=9925d22ebab11d54e2eaf2d7b646c7c6&abbucket=5,3199.00
乐高旗舰店官网4月新品创意百变高手系列10270书店玩具积木,https://detail.tmall.com/item.htm?id=613416260006&rn=9925d22ebab11d54e2eaf2d7b646c7c6&abbucket=5,1499.00
乐高旗舰店官网4月新品星球大战系列75272西斯TIE 战斗机玩具积木,https://detail.tmall.com/item.htm?id=613929544003&rn=9925d22ebab11d54e2eaf2d7b646c7c6&abbucket=5,749.00
乐高旗舰店官网3月新品城市组60256城市赛车积木男女孩玩具送礼,https://detail.tmall.com/item.htm?id=612225090199&rn=9925d22ebab11d54e2eaf2d7b646c7c6&abbucket=5,249.00
乐高旗舰店官网10863我的创意动物大巡游大颗粒益智玩具,https://detail.tmall.com/item.htm?id=613618135181&rn=9925d22ebab11d54e2eaf2d7b646c7c6&abbucket=5,219.00
乐高旗舰店官网幻影忍者系列70673赞的高科技直升机,https://detail.tmall.com/item.htm?id=596285387776&rn=9925d22ebab11d54e2eaf2d7b646c7c6&abbucket=5,219.00
乐高旗舰店官网机械组42098汽车运输车成人玩具积木,https://detail.tmall.com/item.htm?id=598862454405&rn=9925d22ebab11d54e2eaf2d7b646c7c6&abbucket=5,1199.00
乐高旗舰店官网10874智能蒸汽火车遥控轨道积木玩具,https://detail.tmall.com/item.htm?id=577736334899&rn=9925d22ebab11d54e2eaf2d7b646c7c6&abbucket=5,389.00
乐高旗舰店官网超级英雄系列76125钢铁侠机甲陈列室,https://detail.tmall.com/item.htm?id=589598014187&rn=9925d22ebab11d54e2eaf2d7b646c7c6&abbucket=5,649.00
乐高旗舰店官网10903消防局出动大颗粒益智儿童积木玩具,https://detail.tmall.com/item.htm?id=592770564064&rn=9925d22ebab11d54e2eaf2d7b646c7c6&abbucket=5,319.00
乐高旗舰店官网得宝系列10903消防局出动大颗粒益智儿童积木玩具,https://detail.tmall.com/item.htm?id=613374346635&rn=9925d22ebab11d54e2eaf2d7b646c7c6&abbucket=5,449.00
乐高旗舰店官网3月新品得宝系列10920艾莎和雪宝的下午茶,https://detail.tmall.com/item.htm?id=612214538494&rn=9925d22ebab11d54e2eaf2d7b646c7c6&abbucket=5,199.00
乐高42099RCX-treme遥控越野车玩具积木车模送礼,https://detail.tmall.com/item.htm?id=598673121238&rn=9925d22ebab11d54e2eaf2d7b646c7c6&abbucket=5,1599.00
乐高旗舰店城市组60197客运火车遥控轨道车益智拼搭,https://detail.tmall.com/item.htm?id=579467667354&rn=9925d22ebab11d54e2eaf2d7b646c7c6&abbucket=5,1199.00
乐高旗舰店官网经典创意系列10696,https://detail.tmall.com/item.htm?id=44143225593&rn=9925d22ebab11d54e2eaf2d7b646c7c6&abbucket=5,349.00
新品乐高经典创意10692乐高经典创意小号积木盒LEGO,https://detail.tmall.com/item.htm?id=44930243927&rn=9925d22ebab11d54e2eaf2d7b646c7c6&abbucket=5,139.00
乐高经典创意 10698 经典创意大号积木盒 LEGO Classic 积木玩具,https://detail.tmall.com/item.htm?id=533213315704&rn=9925d22ebab11d54e2eaf2d7b646c7c6&abbucket=5,429.00
乐高积木玩具 10847 数字火车 大颗粒益智儿童拼装玩具,https://detail.tmall.com/item.htm?id=543579445188&rn=9925d22ebab11d54e2eaf2d7b646c7c6&abbucket=5,149.00
【会员专享】乐高经典创意系列 10698经典创意大号积木盒,https://detail.tmall.com/item.htm?id=549022855114&rn=9925d22ebab11d54e2eaf2d7b646c7c6&abbucket=5,548.00
乐高旗舰店官网创意百变高手系列 10258伦敦巴士积木玩具,https://detail.tmall.com/item.htm?id=561865693527&rn=9925d22ebab11d54e2eaf2d7b646c7c6&abbucket=5,1099.00
乐高旗舰店官网好朋友系列41393烘焙大赛女孩过家家积木玩具送礼,https://detail.tmall.com/item.htm?id=563306445558&rn=9925d22ebab11d54e2eaf2d7b646c7c6&abbucket=5,329.00
乐高旗舰店官网2020年新品 75936 侏罗纪公园：暴走霸王龙,https://detail.tmall.com/item.htm?id=568652065617&rn=9925d22ebab11d54e2eaf2d7b646c7c6&abbucket=5,2099.00
乐高旗舰店官网经典创意系列10715乐高多轮创意拼砌盒积木玩具,https://detail.tmall.com/item.htm?id=573003640600&rn=9925d22ebab11d54e2eaf2d7b646c7c6&abbucket=5,219.00
【会员专享】乐高旗舰店官网幻影忍者系列 71711杰的二次元神龙,https://detail.tmall.com/item.htm?id=573140389845&rn=9925d22ebab11d54e2eaf2d7b646c7c6&abbucket=5,499.00
乐高旗舰店官网75192豪华千年隼积木成人收藏高难度,https://detail.tmall.com/item.htm?id=573788653499&rn=9925d22ebab11d54e2eaf2d7b646c7c6&abbucket=5,7399.00
乐高旗舰店官网17101智能机器人5合1积木玩具玩具积木,https://detail.tmall.com/item.htm?id=574081015618&rn=9925d22ebab11d54e2eaf2d7b646c7c6&abbucket=5,1499.00
乐高旗舰店官网哈利波特系列75954霍格沃茨城堡玩具积木成人收藏,https://detail.tmall.com/item.htm?id=574222716152&rn=9925d22ebab11d54e2eaf2d7b646c7c6&abbucket=5,1199.00
乐高旗舰店官网建筑系列21034伦敦LEGO成人积木玩具收藏送礼,https://detail.tmall.com/item.htm?id=577712329937&rn=9925d22ebab11d54e2eaf2d7b646c7c6&abbucket=5,449.00
乐高旗舰店官网经典创意系列 10714 蓝色底板Classic 积木玩具,https://detail.tmall.com/item.htm?id=579458080579&rn=9925d22ebab11d54e2eaf2d7b646c7c6&abbucket=5,99.00
乐高旗舰店官网得宝系列2304得宝创意拼砌板大颗粒益智儿童积木,https://detail.tmall.com/item.htm?id=579895415027&rn=9925d22ebab11d54e2eaf2d7b646c7c6&abbucket=5,99.00
乐高旗舰店官网BOOST17101五合一智能机器人LEGO儿童编程积木玩具,https://detail.tmall.com/item.htm?id=582282547869&rn=9925d22ebab11d54e2eaf2d7b646c7c6&abbucket=5,1699.00
【会员专享】乐高旗舰店官网城市组60197客运火车遥控轨道车益智,https://detail.tmall.com/item.htm?id=584000638787&rn=9925d22ebab11d54e2eaf2d7b646c7c6&abbucket=5,1199.00
乐高旗舰店官网大电影70824瓦特弗拉·瓦纳比女王的隆重介绍积木,https://detail.tmall.com/item.htm?id=584473485400&rn=9925d22ebab11d54e2eaf2d7b646c7c6&abbucket=5,229.00
乐高旗舰店官网建筑系列21039上海天际线成人积木玩具收藏送礼,https://detail.tmall.com/item.htm?id=585277319586&rn=9925d22ebab11d54e2eaf2d7b646c7c6&abbucket=5,649.00
【会员专享】乐高旗舰店官网BOOST17101五合一智能机器人儿童编程,https://detail.tmall.com/item.htm?id=588201524435&rn=9925d22ebab11d54e2eaf2d7b646c7c6&abbucket=5,1699.00
乐高旗舰店官网42093雪佛兰科尔维特ZR1跑车积木玩具汽车,https://detail.tmall.com/item.htm?id=589731904998&rn=9925d22ebab11d54e2eaf2d7b646c7c6&abbucket=5,339.00
【会员专享】乐高旗舰店官网超级英雄系列76125钢铁侠机甲陈列室,https://detail.tmall.com/item.htm?id=589733968033&rn=9925d22ebab11d54e2eaf2d7b646c7c6&abbucket=5,649.00
乐高旗舰店官网 超级英雄系列复仇者联盟基地大决战76131LEGO积木,https://detail.tmall.com/item.htm?id=589735264901&rn=9925d22ebab11d54e2eaf2d7b646c7c6&abbucket=5,999.00
乐高旗舰店官网 超级英雄系列美国队长决战Outrider军团76123LEGO,https://detail.tmall.com/item.htm?id=590294166689&rn=9925d22ebab11d54e2eaf2d7b646c7c6&abbucket=5,219.00
乐高旗舰店官网霍格沃茨城堡71043积木玩具成人收藏,https://detail.tmall.com/item.htm?id=590679048886&rn=9925d22ebab11d54e2eaf2d7b646c7c6&abbucket=5,3999.00
乐高旗舰店官网60216城市消防救援队男女孩儿童玩具积木,https://detail.tmall.com/item.htm?id=592151164200&rn=9925d22ebab11d54e2eaf2d7b646c7c6&abbucket=5,639.00
乐高旗舰店官网创意百变高手系列 10265福特野马玩具积木,https://detail.tmall.com/item.htm?id=594170372314&rn=9925d22ebab11d54e2eaf2d7b646c7c6&abbucket=5,1199.00
乐高旗舰店官网城市组60216城市消防救援队男女孩儿童玩具积木,https://detail.tmall.com/item.htm?id=594358328573&rn=9925d22ebab11d54e2eaf2d7b646c7c6&abbucket=5,899.00
乐高旗舰店官网积木玩具创意百变高手系列10258伦敦巴士,https://detail.tmall.com/item.htm?id=594903957400&rn=9925d22ebab11d54e2eaf2d7b646c7c6&abbucket=5,1259.00
乐高旗舰店官网建筑系列 21042 自由女神像,https://detail.tmall.com/item.htm?id=595084614576&rn=9925d22ebab11d54e2eaf2d7b646c7c6&abbucket=5,999.00
乐高旗舰店官网创意百变高手系列10252大众甲壳虫汽车,https://detail.tmall.com/item.htm?id=595155818321&rn=9925d22ebab11d54e2eaf2d7b646c7c6&abbucket=5,999.00
乐高旗舰店官网城市组太空系列60230航天小人仔套装男孩积木玩具,https://detail.tmall.com/item.htm?id=595707808192&rn=9925d22ebab11d54e2eaf2d7b646c7c6&abbucket=5,269.00
乐高旗舰店城市组太空60228深空火箭发射控制中心,https://detail.tmall.com/item.htm?id=595708264277&rn=9925d22ebab11d54e2eaf2d7b646c7c6&abbucket=5,639.00
乐高旗舰店官网 ideas系列 21316 摩登原始人 LEGO 玩具积木,https://detail.tmall.com/item.htm?id=595937678519&rn=9925d22ebab11d54e2eaf2d7b646c7c6&abbucket=5,619.00
【会员专享】乐高旗舰店官网得宝系列10903消防局出动大颗粒益智,https://detail.tmall.com/item.htm?id=596054786783&rn=9925d22ebab11d54e2eaf2d7b646c7c6&abbucket=5,449.00
乐高旗舰店官网太空系列60227月球空间站男女孩积木玩具,https://detail.tmall.com/item.htm?id=596120634866&rn=9925d22ebab11d54e2eaf2d7b646c7c6&abbucket=5,389.00
乐高哈利波特系列霍格沃茨城堡71043成人收藏,https://detail.tmall.com/item.htm?id=584463158898&rn=9925d22ebab11d54e2eaf2d7b646c7c6,3999.00
乐高旗舰店Ideas系列21319中央咖啡厅老友记收藏送礼,https://detail.tmall.com/item.htm?id=602861773244&rn=9925d22ebab11d54e2eaf2d7b646c7c6,699.00
乐高旗舰店官网2020年新品10269 哈雷戴维森?肥仔?摩托车成人收藏,https://detail.tmall.com/item.htm?id=609666217428&rn=9925d22ebab11d54e2eaf2d7b646c7c6,999.00
乐高旗舰店官网2020年新品Ideas系列21320恐龙化石男女孩玩具礼物,https://detail.tmall.com/item.htm?id=610131579478&rn=9925d22ebab11d54e2eaf2d7b646c7c6,599.00
乐高旗舰店官网10874智能蒸汽火车遥控轨道大颗粒益智积木玩具,https://detail.tmall.com/item.htm?id=574200205913&rn=9925d22ebab11d54e2eaf2d7b646c7c6,549.00
乐高旗舰店官网幻影忍者系列 71699 雷霆突击战车,https://detail.tmall.com/item.htm?id=609967853576&rn=9925d22ebab11d54e2eaf2d7b646c7c6,409.00
乐高旗舰店官网Ideas系列21317汽船威利玩具积木收藏送礼积木玩具,https://detail.tmall.com/item.htm?id=597551219831&rn=9925d22ebab11d54e2eaf2d7b646c7c6,899.00
乐高旗舰店官网2020年新品 机械组42109Top Gear拉力赛车积木玩具,https://detail.tmall.com/item.htm?id=609417967022&rn=9925d22ebab11d54e2eaf2d7b646c7c6,1199.00
乐高旗舰店官网幻影忍者系列70675凯的武士刀战车玩具积木,https://detail.tmall.com/item.htm?id=596285115570&rn=3d2377052987b5a3816ffe0278bd7db7&abbucket=5,399.00
乐高旗舰店官网新品得宝系列10910潜艇大冒险大颗粒益智儿童积木,https://detail.tmall.com/item.htm?id=596946192075&rn=3d2377052987b5a3816ffe0278bd7db7&abbucket=5,149.00
乐高旗舰店官网新品侏罗纪世界系列 75934双脊龙大逃亡玩具,https://detail.tmall.com/item.htm?id=597185313798&rn=3d2377052987b5a3816ffe0278bd7db7&abbucket=5,219.00
乐高新品侏罗纪世界系列75938霸王龙大战机甲恐龙,https://detail.tmall.com/item.htm?id=597378726998&rn=3d2377052987b5a3816ffe0278bd7db7&abbucket=5,909.00
乐高旗舰店官网Ideas系列21317汽船威利玩具积木收藏送礼,https://detail.tmall.com/item.htm?id=597527308734&rn=3d2377052987b5a3816ffe0278bd7db7&abbucket=5,899.00
乐高旗舰店官网新品创意百变系列三合一31095游乐场旋转木马积木,https://detail.tmall.com/item.htm?id=597551719757&rn=3d2377052987b5a3816ffe0278bd7db7&abbucket=5,429.00
乐高旗舰店官网创意百变高手系列10261大型过山车积木成人送礼,https://detail.tmall.com/item.htm?id=598027600970&rn=3d2377052987b5a3816ffe0278bd7db7&abbucket=5,2999.00
乐高迪士尼公主系列43172艾莎的魔法冰雪城堡积木玩具,https://detail.tmall.com/item.htm?id=598865498460&rn=3d2377052987b5a3816ffe0278bd7db7&abbucket=5,619.00
乐高旗舰店官网新品星球大战系列75244坦地夫四号飞船玩具积木,https://detail.tmall.com/item.htm?id=599052627939&rn=3d2377052987b5a3816ffe0278bd7db7&abbucket=5,1999.00
乐高旗舰店官网机械组42083Bugatti积木玩具收藏,https://detail.tmall.com/item.htm?id=600127204620&rn=3d2377052987b5a3816ffe0278bd7db7&abbucket=5,2699.00
乐高旗舰店官网得宝系列10899冰雪奇缘城堡大颗粒益智玩具积木,https://detail.tmall.com/item.htm?id=600297148983&rn=3d2377052987b5a3816ffe0278bd7db7&abbucket=5,349.00
乐高旗舰店官网城市组60197客运火车遥控轨道车儿童益智拼搭积木,https://detail.tmall.com/item.htm?id=600364433999&rn=3d2377052987b5a3816ffe0278bd7db7&abbucket=5,869.00
乐高旗舰店官网新品得宝系列10907环球动物大颗粒益智儿童积木,https://detail.tmall.com/item.htm?id=600730674707&rn=3d2377052987b5a3816ffe0278bd7db7&abbucket=5,899.00
乐高旗舰店官网星球大战系列75256凯洛·伦的穿梭机积木玩具,https://detail.tmall.com/item.htm?id=602051001568&rn=3d2377052987b5a3816ffe0278bd7db7&abbucket=5,1199.00
乐高旗舰店官网迪士尼系列 41168 艾莎的创意珠宝盒 玩具积木,https://detail.tmall.com/item.htm?id=602623124350&rn=3d2377052987b5a3816ffe0278bd7db7&abbucket=5,449.00
乐高旗舰店官网75810怪奇物语-颠倒世界LEGO积木玩具成人收藏送礼,https://detail.tmall.com/item.htm?id=602862929386&rn=3d2377052987b5a3816ffe0278bd7db7&abbucket=5,1999.00
【会员专享】乐高旗舰店官网迪士尼系列41167阿伦戴尔城堡村庄,https://detail.tmall.com/item.htm?id=602863985637&rn=3d2377052987b5a3816ffe0278bd7db7&abbucket=5,899.00
乐高旗舰店官网幻影忍者系列70676劳埃德的泰坦机甲LEGO玩具积木,https://detail.tmall.com/item.htm?id=603279199343&rn=3d2377052987b5a3816ffe0278bd7db7&abbucket=5,799.00
【会员专享】乐高旗舰店官网机械组42100利勃海尔挖掘机送礼收藏,https://detail.tmall.com/item.htm?id=603601497192&rn=3d2377052987b5a3816ffe0278bd7db7&abbucket=5,3799.00
【会员专享】乐高旗舰店官网机械组42098汽车运输车成人玩具积木,https://detail.tmall.com/item.htm?id=603880261145&rn=3d2377052987b5a3816ffe0278bd7db7&abbucket=5,1399.00
乐高旗舰店官网迪士尼系列41169雪宝玩具积木,https://detail.tmall.com/item.htm?id=603882377332&rn=3d2377052987b5a3816ffe0278bd7db7&abbucket=5,149.00
乐高旗舰店官网迪士尼公主41167阿伦戴尔城堡村庄,https://detail.tmall.com/item.htm?id=604021019979&rn=3d2377052987b5a3816ffe0278bd7db7&abbucket=5,699.00
乐高旗舰店官网创意百变高手系列10220大众T1野营车积木,https://detail.tmall.com/item.htm?id=604096170838&rn=3d2377052987b5a3816ffe0278bd7db7&abbucket=5,999.00
乐高旗舰店官网迪士尼公主系列43172艾莎的魔法冰雪城堡积木玩具,https://detail.tmall.com/item.htm?id=604212985186&rn=3d2377052987b5a3816ffe0278bd7db7&abbucket=5,799.00
乐高旗舰店官网迪士尼系列41165安娜的独木舟探险玩具,https://detail.tmall.com/item.htm?id=604303651768&rn=3d2377052987b5a3816ffe0278bd7db7&abbucket=5,189.00
乐高旗舰店官网42096保时捷911RSR赛车成人送礼收藏车模,https://detail.tmall.com/item.htm?id=604428086699&rn=3d2377052987b5a3816ffe0278bd7db7&abbucket=5,1099.00
乐高旗舰店官网新品得宝系列10899冰雪奇缘城堡,https://detail.tmall.com/item.htm?id=605622643235&rn=3d2377052987b5a3816ffe0278bd7db7&abbucket=5,499.00
乐高旗舰店官网赛车系列75892迈凯伦塞纳LEGO玩具积木汽车模型,https://detail.tmall.com/item.htm?id=605656685606&rn=3d2377052987b5a3816ffe0278bd7db7&abbucket=5,169.00
乐高旗舰店官网2020年新品 80104 舞狮 积木玩具收藏,https://detail.tmall.com/item.htm?id=608663376418&rn=3d2377052987b5a3816ffe0278bd7db7&abbucket=5,699.00
乐高旗舰店官网2020年新品76139 1989Batmobile? 蝙蝠车,https://detail.tmall.com/item.htm?id=608791297545&rn=3d2377052987b5a3816ffe0278bd7db7&abbucket=5,2099.00
乐高旗舰店官网2020年新品迪士尼系列 43178 灰姑娘的城堡庆典,https://detail.tmall.com/item.htm?id=609532051341&rn=3d2377052987b5a3816ffe0278bd7db7&abbucket=5,249.00
乐高旗舰店官网2020年新品城市组60242警察公路大追捕 积木玩具,https://detail.tmall.com/item.htm?id=609914776002&rn=3d2377052987b5a3816ffe0278bd7db7&abbucket=5,169.00
乐高旗舰店官网2020年41392趣味野营女孩积木玩具,https://detail.tmall.com/item.htm?id=609914852138&rn=3d2377052987b5a3816ffe0278bd7db7&abbucket=5,249.00
乐高旗舰店官网2020年新品机械组42105漂浮双体船积木男女孩玩具,https://detail.tmall.com/item.htm?id=609999653439&rn=3d2377052987b5a3816ffe0278bd7db7&abbucket=5,329.00
乐高旗舰店官网2020年新品机械组 42101 沙滩越野车 积木玩具,https://detail.tmall.com/item.htm?id=610179145695&rn=3d2377052987b5a3816ffe0278bd7db7&abbucket=5,99.00
乐高旗舰店官网2020年新品迪士尼系列 43177 贝儿的故事书大冒险,https://detail.tmall.com/item.htm?id=610179481325&rn=3d2377052987b5a3816ffe0278bd7db7&abbucket=5,199.00
乐高旗舰店官网2020年新品 好朋友系列 41391 心湖城美发沙龙,https://detail.tmall.com/item.htm?id=610179541257&rn=3d2377052987b5a3816ffe0278bd7db7&abbucket=5,169.00
乐高60215城市消防局+乐高60243警用直升机大追击,https://detail.tmall.com/item.htm?id=610182508950&rn=3d2377052987b5a3816ffe0278bd7db7&abbucket=5,848.00
乐高旗舰店官网2020年新品得宝系列10909心形创意积木盒大颗粒,https://detail.tmall.com/item.htm?id=610363792044&rn=3d2377052987b5a3816ffe0278bd7db7&abbucket=5,169.00
乐高旗舰店官网2020年新品幻影忍者系列 71701 凯的火焰神龙,https://detail.tmall.com/item.htm?id=610364580506&rn=3d2377052987b5a3816ffe0278bd7db7&abbucket=5,169.00
乐高旗舰店官网星球大战系列 75252 帝国歼星舰高难度,https://detail.tmall.com/item.htm?id=610364840130&rn=3d2377052987b5a3816ffe0278bd7db7&abbucket=5,5999.00
【会员专享】乐高旗舰店官网2020年新品机械组42108 移动式起重机,https://detail.tmall.com/item.htm?id=610419530774&rn=3d2377052987b5a3816ffe0278bd7db7&abbucket=5,819.00
乐高旗舰店官网城市组60243警用直升机大追击积木玩具,https://detail.tmall.com/item.htm?id=610419782383&rn=3d2377052987b5a3816ffe0278bd7db7&abbucket=5,239.00
乐高旗舰店官网套装10915字母卡车+10847数字火车,https://detail.tmall.com/item.htm?id=610449053394&rn=3d2377052987b5a3816ffe0278bd7db7&abbucket=5,498.00
乐高旗舰店官网2020年新品创意百变高手系列 10267姜饼屋玩具积木,https://detail.tmall.com/item.htm?id=610628789629&rn=3d2377052987b5a3816ffe0278bd7db7&abbucket=5,999.00
乐高旗舰店官网2020年新品得宝系列 10917 消防车 玩具积木,https://detail.tmall.com/item.htm?id=610628805963&rn=3d2377052987b5a3816ffe0278bd7db7&abbucket=5,49.00
乐高旗舰店官网10913中号缤纷桶大颗粒益智儿童积木玩具,https://detail.tmall.com/item.htm?id=610629033291&rn=3d2377052987b5a3816ffe0278bd7db7&abbucket=5,249.00
乐高旗舰店官网2020年新品机械组42104亮橙色高速赛车积木玩具,https://detail.tmall.com/item.htm?id=610647144000&rn=3d2377052987b5a3816ffe0278bd7db7&abbucket=5,169.00
乐高旗舰店官网2020年新品机械组 42103 亮绿色改装赛车 积木玩具,https://detail.tmall.com/item.htm?id=610647323823&rn=3d2377052987b5a3816ffe0278bd7db7&abbucket=5,169.00
乐高旗舰店官网2020年新品城市组 60246 乐高城市警局 积木玩具,https://detail.tmall.com/item.htm?id=610647515668&rn=3d2377052987b5a3816ffe0278bd7db7&abbucket=5,729.00
乐高旗舰店官网2020年新品迪士尼系列43176爱丽儿的故事书大冒险,https://detail.tmall.com/item.htm?id=610647767227&rn=3d2377052987b5a3816ffe0278bd7db7&abbucket=5,199.00
乐高旗舰店官网60245巨轮越野车大劫案男女孩积木送礼,https://detail.tmall.com/item.htm?id=610647787370&rn=3d2377052987b5a3816ffe0278bd7db7&abbucket=5,409.00
乐高旗舰店官网2020年新品21157乐高?我的世界?大人仔猪和僵尸,https://detail.tmall.com/item.htm?id=610870078503&rn=3d2377052987b5a3816ffe0278bd7db7&abbucket=5,169.00
乐高旗舰店官网2020年新品幻影忍者系列71713帝国神龙 玩具积木,https://detail.tmall.com/item.htm?id=610871034369&rn=3d2377052987b5a3816ffe0278bd7db7&abbucket=5,249.00
乐高旗舰店官网2020年新品幻影忍者系列71700丛林冲锋车 玩具积木,https://detail.tmall.com/item.htm?id=610871122113&rn=3d2377052987b5a3816ffe0278bd7db7&abbucket=5,99.00
【预售】乐高旗舰店官网21319中央咖啡厅积木玩具老友记收藏送礼,https://detail.tmall.com/item.htm?id=610896027439&rn=3d2377052987b5a3816ffe0278bd7db7&abbucket=5,869.00
乐高旗舰店官网2020年新品88009集线器 玩具积木,https://detail.tmall.com/item.htm?id=611012388586&rn=3d2377052987b5a3816ffe0278bd7db7&abbucket=5,459.00
乐高旗舰店官网好朋友系列41431心湖城积木盒男女孩积木玩具送礼,https://detail.tmall.com/item.htm?id=611102275996&rn=3d2377052987b5a3816ffe0278bd7db7&abbucket=5,329.00
乐高旗舰店官网2020年新品 21156 我的世界?大人仔爬行者和豹猫,https://detail.tmall.com/item.htm?id=611102551559&rn=3d2377052987b5a3816ffe0278bd7db7&abbucket=5,169.00
乐高旗舰店官网得宝系列10928萌宠甜品站大颗粒益智儿童积木玩具,https://detail.tmall.com/item.htm?id=611102827068&rn=3d2377052987b5a3816ffe0278bd7db7&abbucket=5,329.00
乐高旗舰店官网2020年新品幻影忍者系列 71711 杰的二次元神龙,https://detail.tmall.com/item.htm?id=611103071854&rn=3d2377052987b5a3816ffe0278bd7db7&abbucket=5,409.00
乐高旗舰店官网2020年新品幻影忍者系列 71712 帝国疯狂神殿,https://detail.tmall.com/item.htm?id=611103327584&rn=3d2377052987b5a3816ffe0278bd7db7&abbucket=5,649.00
乐高旗舰店官网2020年新品幻影忍者系列 71710 忍者改装赛车,https://detail.tmall.com/item.htm?id=611103411418&rn=3d2377052987b5a3816ffe0278bd7db7&abbucket=5,329.00
乐高旗舰店官网2020年新品幻影忍者系列 71716 劳埃德的街机,https://detail.tmall.com/item.htm?id=611103527461&rn=3d2377052987b5a3816ffe0278bd7db7&abbucket=5,99.00
乐高旗舰店官网2020年新品幻影忍者 71709 杰和劳埃德的极速赛车,https://detail.tmall.com/item.htm?id=611103631261&rn=3d2377052987b5a3816ffe0278bd7db7&abbucket=5,249.00
乐高旗舰店官网2020年新品88006移动集线器 玩具积木,https://detail.tmall.com/item.htm?id=611521634949&rn=3d2377052987b5a3816ffe0278bd7db7&abbucket=5,719.00
乐高旗舰店官网城市组太空系列60227月球空间站男女孩积木玩具,https://detail.tmall.com/item.htm?id=611762260277&rn=3d2377052987b5a3816ffe0278bd7db7&abbucket=5,549.00
乐高旗舰店官网城市组太空系列60229火箭装载与运输中心积木玩具,https://detail.tmall.com/item.htm?id=612276198058&rn=3d2377052987b5a3816ffe0278bd7db7&abbucket=5,1199.00
乐高旗舰店官网4月新品小人仔系列71027第20季小人仔抽抽乐,https://detail.tmall.com/item.htm?id=613436480975&rn=3d2377052987b5a3816ffe0278bd7db7&abbucket=5,39.00
乐高旗舰店官网4月新品星球大战系列75277波巴·费特头盔积木玩具,https://detail.tmall.com/item.htm?id=613473848404&rn=3d2377052987b5a3816ffe0278bd7db7&abbucket=5,599.00
乐高旗舰店官网4月新品星球大战系列75276冲锋队员头盔积木玩具,https://detail.tmall.com/item.htm?id=613745853347&rn=3d2377052987b5a3816ffe0278bd7db7&abbucket=5,599.00
乐高旗舰店官网4月新品超级英雄系列76157神奇女侠对战豹女积木,https://detail.tmall.com/item.htm?id=613746253709&rn=3d2377052987b5a3816ffe0278bd7db7&abbucket=5,399.00
乐高旗舰店官网4月新品星球大战系列75272西斯TIE 战斗机玩具积木,https://detail.tmall.com/item.htm?id=614092328636&rn=3d2377052987b5a3816ffe0278bd7db7&abbucket=5,749.00
乐高旗舰店官网4月新品星球大战系列75278D-O?机器人积木玩具,https://detail.tmall.com/item.htm?id=614240455763&rn=3d2377052987b5a3816ffe0278bd7db7&abbucket=5,699.00
乐高旗舰店官网4月新品机械组42111Dom'sDodgeCharger道奇Charger,https://detail.tmall.com/item.htm?id=614241131407&rn=3d2377052987b5a3816ffe0278bd7db7&abbucket=5,999.00
乐高旗舰店官网4月新品创意百变高手系列10270书店积木,https://detail.tmall.com/item.htm?id=614861179511&rn=3d2377052987b5a3816ffe0278bd7db7&abbucket=5,1499.00
乐高旗舰店官网5月新品悟空小侠系列80009猪大厨移动钉耙车玩具,https://detail.tmall.com/item.htm?id=615822857010&rn=3d2377052987b5a3816ffe0278bd7db7&abbucket=5,599.00
乐高旗舰店官网5月新品悟空小侠系列80007魔王暗黑机甲玩具积木,https://detail.tmall.com/item.htm?id=616076198812&rn=3d2377052987b5a3816ffe0278bd7db7&abbucket=5,449.00
乐高旗舰店官网5月新品10272曼联球场玩具积木收藏,https://detail.tmall.com/item.htm?id=616122378745&rn=3d2377052987b5a3816ffe0278bd7db7&abbucket=5,2499.00
乐高旗舰店官网5月新品悟空小侠系列80011红孩儿邪火战车玩具积木,https://detail.tmall.com/item.htm?id=616274028327&rn=3d2377052987b5a3816ffe0278bd7db7&abbucket=5,999.00
乐高旗舰店官网5月新品悟空小侠系列80013万能海上基地玩具积木,https://detail.tmall.com/item.htm?id=616279392334&rn=3d2377052987b5a3816ffe0278bd7db7&abbucket=5,1599.00
乐高旗舰店官网悟空小侠系列80012孙悟空齐天大圣黄金机甲,https://detail.tmall.com/item.htm?id=616324171486&rn=3d2377052987b5a3816ffe0278bd7db7&abbucket=5,1299.00
乐高旗舰店官网4月新品75276冲锋队员头盔积木玩具,https://detail.tmall.com/item.htm?id=616435206967&rn=3d2377052987b5a3816ffe0278bd7db7&abbucket=5,599.00
乐高旗舰店官网5月新品10272曼联球场玩具积木收藏,https://detail.tmall.com/item.htm?id=616558384327&rn=3d2377052987b5a3816ffe0278bd7db7&abbucket=5,2499.00
乐高4月新品小黄人系列75549无法阻挡的摩托车追击,https://detail.tmall.com/item.htm?id=616561669571&rn=3d2377052987b5a3816ffe0278bd7db7&abbucket=5,199.00
乐高旗舰店官网42111Dom'sDodgeCharger道奇Charger,https://detail.tmall.com/item.htm?id=616562673801&rn=3d2377052987b5a3816ffe0278bd7db7&abbucket=5,999.00
乐高旗舰店官网4月新品星球大战系列75277波巴·费特头盔积木玩具,https://detail.tmall.com/item.htm?id=616689823162&rn=3d2377052987b5a3816ffe0278bd7db7&abbucket=5,599.00
乐高旗舰店官网5月新品悟空小侠系列80010牛魔王烈火机甲玩具,https://detail.tmall.com/item.htm?id=616740244816&rn=3d2377052987b5a3816ffe0278bd7db7&abbucket=5,799.00
乐高旗舰店官网5月新品悟空小侠系列80013万能海上基地玩具积木,https://detail.tmall.com/item.htm?id=616740376952&rn=3d2377052987b5a3816ffe0278bd7db7&abbucket=5,1599.00
乐高旗舰店官网5月新品悟空小侠系列80007魔王暗黑机甲玩具积木,https://detail.tmall.com/item.htm?id=616745780469&rn=3d2377052987b5a3816ffe0278bd7db7&abbucket=5,489.00
乐高哈利波特系列霍格沃茨城堡71043成人收藏,https://detail.tmall.com/item.htm?id=584463158898&rn=3d2377052987b5a3816ffe0278bd7db7,3999.00
乐高旗舰店Ideas系列21319中央咖啡厅老友记收藏送礼,https://detail.tmall.com/item.htm?id=602861773244&rn=3d2377052987b5a3816ffe0278bd7db7,699.00
乐高旗舰店官网2020年新品10269 哈雷戴维森?肥仔?摩托车成人收藏,https://detail.tmall.com/item.htm?id=609666217428&rn=3d2377052987b5a3816ffe0278bd7db7,999.00
乐高旗舰店官网2020年新品Ideas系列21320恐龙化石男女孩玩具礼物,https://detail.tmall.com/item.htm?id=610131579478&rn=3d2377052987b5a3816ffe0278bd7db7,599.00
乐高旗舰店官网10874智能蒸汽火车遥控轨道大颗粒益智积木玩具,https://detail.tmall.com/item.htm?id=574200205913&rn=3d2377052987b5a3816ffe0278bd7db7,549.00
乐高旗舰店官网幻影忍者系列 71699 雷霆突击战车,https://detail.tmall.com/item.htm?id=609967853576&rn=3d2377052987b5a3816ffe0278bd7db7,409.00
乐高旗舰店官网Ideas系列21317汽船威利玩具积木收藏送礼积木玩具,https://detail.tmall.com/item.htm?id=597551219831&rn=3d2377052987b5a3816ffe0278bd7db7,899.00
乐高旗舰店官网2020年新品 机械组42109Top Gear拉力赛车积木玩具,https://detail.tmall.com/item.htm?id=609417967022&rn=3d2377052987b5a3816ffe0278bd7db7,1199.00
乐高旗舰店官网5月新品悟空小侠系列80010牛魔王烈火机甲玩具,https://detail.tmall.com/item.htm?id=616816746765&rn=9761678142fc865c69b845832fb2bc34&abbucket=5,799.00
乐高4月新品超级英雄系列76157神奇女侠对战豹女积木,https://detail.tmall.com/item.htm?id=616873942290&rn=9761678142fc865c69b845832fb2bc34&abbucket=5,399.00
乐高5月新品悟空小侠系列80008悟空小侠云霄战机孙悟空齐天大圣,https://detail.tmall.com/item.htm?id=617029033540&rn=9761678142fc865c69b845832fb2bc34&abbucket=5,499.00
乐高5月新品悟空小侠系列80008悟空小侠云霄战机孙悟空齐天大圣,https://detail.tmall.com/item.htm?id=617036057244&rn=9761678142fc865c69b845832fb2bc34&abbucket=5,499.00
乐高5月新品悟空小侠系列80008悟空小侠云霄战机孙悟空齐天大圣,https://detail.tmall.com/item.htm?id=617076991216&rn=9761678142fc865c69b845832fb2bc34&abbucket=5,499.00
乐高旗舰店官网6月新品机械组42107杜卡迪 Ducati Panigale V4 R,https://detail.tmall.com/item.htm?id=617266930013&rn=9761678142fc865c69b845832fb2bc34&abbucket=5,599.00
乐高旗舰店官网悟空小侠系列80012孙悟空齐天大圣黄金机甲,https://detail.tmall.com/item.htm?id=617285846255&rn=9761678142fc865c69b845832fb2bc34&abbucket=5,1299.00
乐高旗舰店官网5月新品悟空小侠系列80006龙小骄飞车玩具积木,https://detail.tmall.com/item.htm?id=617292342513&rn=9761678142fc865c69b845832fb2bc34&abbucket=5,299.00
乐高旗舰店官网悟空小侠系列80012孙悟空齐天大圣黄金机甲,https://detail.tmall.com/item.htm?id=617292362538&rn=9761678142fc865c69b845832fb2bc34&abbucket=5,1299.00
乐高旗舰店官网5月新品悟空小侠系列80009猪大厨移动钉耙车玩具,https://detail.tmall.com/item.htm?id=617292818088&rn=9761678142fc865c69b845832fb2bc34&abbucket=5,599.00
乐高5月新品悟空小侠系列80009猪大厨移动钉耙车,https://detail.tmall.com/item.htm?id=617540951875&rn=9761678142fc865c69b845832fb2bc34&abbucket=5,599.00
乐高旗舰店官网5月新品悟空小侠系列80011红孩儿邪火战车玩具积木,https://detail.tmall.com/item.htm?id=617542667528&rn=9761678142fc865c69b845832fb2bc34&abbucket=5,999.00
乐高旗舰店官网6月新品城市组60264海洋探索潜水艇玩具积木,https://detail.tmall.com/item.htm?id=617673428005&rn=9761678142fc865c69b845832fb2bc34&abbucket=5,299.00
乐高旗舰店官网6月新品DOTs系列41901别致的动物手环玩具积木,https://detail.tmall.com/item.htm?id=617837004733&rn=9761678142fc865c69b845832fb2bc34&abbucket=5,59.00
乐高旗舰店官网6月新品DOTs系列41902耀眼的独角兽手环玩具积木,https://detail.tmall.com/item.htm?id=617837348438&rn=9761678142fc865c69b845832fb2bc34&abbucket=5,59.00
乐高旗舰店官网6月新品城市组60265海洋探险基地玩具积木,https://detail.tmall.com/item.htm?id=617968049535&rn=9761678142fc865c69b845832fb2bc34&abbucket=5,599.00
乐高旗舰店官网6月新品43180美女与野兽贝儿的冬季城堡庆典积木,https://detail.tmall.com/item.htm?id=617968685550&rn=9761678142fc865c69b845832fb2bc34&abbucket=5,499.00
【预售】乐高旗舰店官网10875智能货运火遥控轨道车大颗粒积木,https://detail.tmall.com/item.htm?id=618037716824&rn=9761678142fc865c69b845832fb2bc34&abbucket=5,949.00
【预售】乐高旗舰店官网10261大型过山车积木成人送礼,https://detail.tmall.com/item.htm?id=618037868738&rn=9761678142fc865c69b845832fb2bc34&abbucket=5,3829.00
【预售】乐高旗舰店官网Ideas系列21320恐龙化石男女孩玩具礼物,https://detail.tmall.com/item.htm?id=618037884631&rn=9761678142fc865c69b845832fb2bc34&abbucket=5,759.00
【预售】乐高旗舰店官网创意百变高手系列10258伦敦巴士,https://detail.tmall.com/item.htm?id=618038124807&rn=9761678142fc865c69b845832fb2bc34&abbucket=5,1399.00
【预售】乐高旗舰店官网超级赛车系列76899兰博基尼男孩玩具送礼,https://detail.tmall.com/item.htm?id=618038260412&rn=9761678142fc865c69b845832fb2bc34&abbucket=5,759.00
【预售】乐高旗舰店官网城市组60226火星探测航天飞机,https://detail.tmall.com/item.htm?id=618038332015&rn=9761678142fc865c69b845832fb2bc34&abbucket=5,239.00
【预售】乐高旗舰店得宝系列10887自由创意趣玩箱积木,https://detail.tmall.com/item.htm?id=618038332202&rn=9761678142fc865c69b845832fb2bc34&abbucket=5,269.00
【预售】乐高旗舰店官网城市组60243警用直升机大追击积木玩具,https://detail.tmall.com/item.htm?id=618038448431&rn=9761678142fc865c69b845832fb2bc34&abbucket=5,269.00
【预售】乐高旗舰店官网10914豪华缤纷桶大颗粒益智儿童积木玩具,https://detail.tmall.com/item.htm?id=618038712812&rn=9761678142fc865c69b845832fb2bc34&abbucket=5,499.00
【预售】乐高旗舰店官网21318树屋玩具积木成人送礼,https://detail.tmall.com/item.htm?id=618076940214&rn=9761678142fc865c69b845832fb2bc34&abbucket=5,2159.00
中国经典英雄新品-全系列套装,https://detail.tmall.com/item.htm?id=618107893201&rn=9761678142fc865c69b845832fb2bc34&abbucket=5,6542.00
乐高旗舰店官网6月新品DOTs系列41900彩虹手环玩具积木,https://detail.tmall.com/item.htm?id=618132753727&rn=9761678142fc865c69b845832fb2bc34&abbucket=5,59.00
乐高旗舰店官网6月新品城市组60262客运飞机玩具积木,https://detail.tmall.com/item.htm?id=618219270758&rn=9761678142fc865c69b845832fb2bc34&abbucket=5,999.00
乐高旗舰店官网6月新品城市组60261中心机场玩具积木,https://detail.tmall.com/item.htm?id=618219594065&rn=9761678142fc865c69b845832fb2bc34&abbucket=5,499.00
乐高旗舰店官网6月新品城市组60266海洋探险巨轮玩具积木,https://detail.tmall.com/item.htm?id=618227842436&rn=9761678142fc865c69b845832fb2bc34&abbucket=5,1199.00
乐高旗舰店官网6月新品DOTs系列41905彩虹首饰架玩具积木,https://detail.tmall.com/item.htm?id=618310940291&rn=9761678142fc865c69b845832fb2bc34&abbucket=5,149.00
【预售】乐高旗舰店官网创意百变高手系列 10256 泰姬陵积木玩具,https://detail.tmall.com/item.htm?id=618335921899&rn=9761678142fc865c69b845832fb2bc34&abbucket=5,3829.00
【预售】乐高旗舰店官网悟空小侠系列80012齐天大圣黄金机甲,https://detail.tmall.com/item.htm?id=618335989719&rn=9761678142fc865c69b845832fb2bc34&abbucket=5,1629.00
【预售】乐高旗舰店官网60216城市消防救援队男女孩儿童玩具积木,https://detail.tmall.com/item.htm?id=618336041712&rn=9761678142fc865c69b845832fb2bc34&abbucket=5,789.00
【预售】乐高42099RCX-treme遥控越野车玩具积木车模送礼,https://detail.tmall.com/item.htm?id=618336069697&rn=9761678142fc865c69b845832fb2bc34&abbucket=5,1999.00
【预售】乐高旗舰店官网10907环球动物大颗粒益智儿童积木,https://detail.tmall.com/item.htm?id=618336245830&rn=9761678142fc865c69b845832fb2bc34&abbucket=5,789.00
【预售】乐高旗舰店官网悟空小侠系列80007魔王暗黑机甲玩具积木,https://detail.tmall.com/item.htm?id=618336321501&rn=9761678142fc865c69b845832fb2bc34&abbucket=5,549.00
【预售】乐高旗舰店官网创意百变系列 10262 DB5跑车,https://detail.tmall.com/item.htm?id=618336349698&rn=9761678142fc865c69b845832fb2bc34&abbucket=5,1779.00
【预售】乐高旗舰店官网10269哈雷戴维森?肥仔?摩托车,https://detail.tmall.com/item.htm?id=618336365750&rn=9761678142fc865c69b845832fb2bc34&abbucket=5,1249.00
【预售】乐高旗舰店官网5月新品悟空小侠系列80010牛魔王烈火机甲,https://detail.tmall.com/item.htm?id=618336457368&rn=9761678142fc865c69b845832fb2bc34&abbucket=5,979.00
【预售】乐高旗舰店官网41366奥莉薇亚的草莓蛋糕咖啡店,https://detail.tmall.com/item.htm?id=618336521456&rn=9761678142fc865c69b845832fb2bc34&abbucket=5,239.00
【预售】乐高2020年新品建筑系列21051东京天际线积木,https://detail.tmall.com/item.htm?id=618336597253&rn=9761678142fc865c69b845832fb2bc34&abbucket=5,759.00
【预售】乐高旗舰店官网幻影忍者系列 71699 雷霆突击战车,https://detail.tmall.com/item.htm?id=618336613474&rn=9761678142fc865c69b845832fb2bc34&abbucket=5,489.00
【预售】乐高旗舰店官网60227月球空间站男女孩积木玩具,https://detail.tmall.com/item.htm?id=618336677244&rn=9761678142fc865c69b845832fb2bc34&abbucket=5,469.00
【预售】乐高42096保时捷911RSR赛车成人送礼收藏车模,https://detail.tmall.com/item.htm?id=618337513956&rn=9761678142fc865c69b845832fb2bc34&abbucket=5,1399.00
【预售】乐高旗舰店官网悟空小侠系列80013万能海上基地玩具积木,https://detail.tmall.com/item.htm?id=618337685758&rn=9761678142fc865c69b845832fb2bc34&abbucket=5,1999.00
乐高旗舰店官网城市组弯道与十字路口60237LEGO玩具积木,https://detail.tmall.com/item.htm?id=618366336541&rn=9761678142fc865c69b845832fb2bc34&abbucket=5,99.00
乐高旗舰店官网城市组直道与丁字路口60236LEGO玩具积木,https://detail.tmall.com/item.htm?id=618366512315&rn=9761678142fc865c69b845832fb2bc34&abbucket=5,99.00
乐高旗舰店官网41374安德里亚的泳池派对女孩玩具积木,https://detail.tmall.com/item.htm?id=618389541993&rn=9761678142fc865c69b845832fb2bc34&abbucket=5,549.00
乐高旗舰店官网机械组42083Bugatti积木玩具儿童成人收藏送礼车模,https://detail.tmall.com/item.htm?id=618389645403&rn=9761678142fc865c69b845832fb2bc34&abbucket=5,3499.00
乐高旗舰店官网机械组42110路虎卫士越野车,https://detail.tmall.com/item.htm?id=618389857203&rn=9761678142fc865c69b845832fb2bc34&abbucket=5,1999.00
乐高旗舰店官网2020年新品10266NASA阿波罗11号登月舱成人收藏,https://detail.tmall.com/item.htm?id=618389969301&rn=9761678142fc865c69b845832fb2bc34&abbucket=5,1119.00
乐高旗舰店官网机械组42100利勃海尔挖掘机成人送礼收藏高难度,https://detail.tmall.com/item.htm?id=618390113059&rn=9761678142fc865c69b845832fb2bc34&abbucket=5,3799.00
乐高旗舰店官网迪士尼公主41167阿伦戴尔城堡村庄LEGO积木玩具,https://detail.tmall.com/item.htm?id=618390249002&rn=9761678142fc865c69b845832fb2bc34&abbucket=5,899.00
乐高旗舰店官网6月新品DOTs系列41914创意相框玩具积木,https://detail.tmall.com/item.htm?id=618428320197&rn=9761678142fc865c69b845832fb2bc34&abbucket=5,199.00
乐高旗舰店官网6月新品DOTs系列41919力量手环玩具积木,https://detail.tmall.com/item.htm?id=618430640531&rn=9761678142fc865c69b845832fb2bc34&abbucket=5,59.00
乐高旗舰店官网6月新品得宝系列10924闪电麦昆的赛车日玩具积木,https://detail.tmall.com/item.htm?id=618430996318&rn=9761678142fc865c69b845832fb2bc34&abbucket=5,299.00
乐高旗舰店官网6月新品得宝系列10932吊球起重机套装玩具积木,https://detail.tmall.com/item.htm?id=618433848798&rn=9761678142fc865c69b845832fb2bc34&abbucket=5,599.00
乐高旗舰店官网6月新品城市组60263迷你海洋潜艇玩具积木,https://detail.tmall.com/item.htm?id=618484355762&rn=9761678142fc865c69b845832fb2bc34&abbucket=5,99.00
乐高旗舰店官网6月新品DOTs系列41903宇宙奇观手环玩具积木,https://detail.tmall.com/item.htm?id=618573829905&rn=9761678142fc865c69b845832fb2bc34&abbucket=5,59.00
【预售】乐高旗舰店官网42111Dom'sDodgeCharger道奇Charger,https://detail.tmall.com/item.htm?id=618595370862&rn=9761678142fc865c69b845832fb2bc34&abbucket=5,1249.00
【预售】乐高旗舰店官网42095遥控特技赛车儿童玩具积木送礼收藏,https://detail.tmall.com/item.htm?id=618595442584&rn=9761678142fc865c69b845832fb2bc34&abbucket=5,759.00
【预售】乐高旗舰店幻影忍者系列70676劳埃德的泰坦机甲积木,https://detail.tmall.com/item.htm?id=618595518562&rn=9761678142fc865c69b845832fb2bc34&abbucket=5,669.00
【预售】乐高旗舰店官网10266NASA阿波罗11号登月舱成人收藏,https://detail.tmall.com/item.htm?id=618595546419&rn=9761678142fc865c69b845832fb2bc34&abbucket=5,1249.00
【预售】乐高旗舰店官网60139移动指挥中心儿童男孩益智积木玩具,https://detail.tmall.com/item.htm?id=618595614680&rn=9761678142fc865c69b845832fb2bc34&abbucket=5,319.00
【预售】乐高旗舰店官网60215消防局男女孩儿童益智玩具积木送礼,https://detail.tmall.com/item.htm?id=618595666768&rn=9761678142fc865c69b845832fb2bc34&abbucket=5,479.00
【预售】乐高旗舰店官网41395友谊巴士男女孩积木玩具送礼汽车,https://detail.tmall.com/item.htm?id=618595682036&rn=9761678142fc865c69b845832fb2bc34&abbucket=5,669.00
【预售】乐高旗舰店官网2020年新品幻影忍者系列71702黄金机甲,https://detail.tmall.com/item.htm?id=618595918563&rn=9761678142fc865c69b845832fb2bc34&abbucket=5,419.00
【预售】乐高旗舰店官网10929梦想之家大颗粒益智儿童积木玩具,https://detail.tmall.com/item.htm?id=618595926579&rn=9761678142fc865c69b845832fb2bc34&abbucket=5,579.00
【预售】乐高旗舰店官网42083Bugatti积木玩具成人收藏送礼车模,https://detail.tmall.com/item.htm?id=618595966024&rn=9761678142fc865c69b845832fb2bc34&abbucket=5,3449.00
【预售】高旗舰店官网迪士尼公主系列43172艾莎的魔法冰雪城堡,https://detail.tmall.com/item.htm?id=618596030112&rn=9761678142fc865c69b845832fb2bc34&abbucket=5,719.00
【预售】乐高旗舰店官网41393烘焙大赛女孩过家家积木玩具送礼,https://detail.tmall.com/item.htm?id=618596102366&rn=9761678142fc865c69b845832fb2bc34&abbucket=5,419.00
【预售】乐高旗舰店官网10874智能蒸汽火车遥控轨道大颗粒益智车,https://detail.tmall.com/item.htm?id=618596170342&rn=9761678142fc865c69b845832fb2bc34&abbucket=5,469.00
【预售】乐高5月新品悟空小侠系列80009猪大厨移动钉耙车,https://detail.tmall.com/item.htm?id=618596178159&rn=9761678142fc865c69b845832fb2bc34&abbucket=5,759.00
【预售】乐高旗舰店官网Ideas系列21317汽船威利玩具,https://detail.tmall.com/item.htm?id=618596210029&rn=9761678142fc865c69b845832fb2bc34&abbucket=5,1139.00
【预售】乐高旗舰店官网75192豪华千年隼积木成人收藏高难度,https://detail.tmall.com/item.htm?id=618597466026&rn=9761678142fc865c69b845832fb2bc34&abbucket=5,9469.00
乐高旗舰店官网6月新品DOTs系列41913豪华装手环玩具积木,https://detail.tmall.com/item.htm?id=618610705316&rn=9761678142fc865c69b845832fb2bc34&abbucket=5,249.00
乐高旗舰店官网10929梦想之家大颗粒益智儿童积木玩具,https://detail.tmall.com/item.htm?id=618620156264&rn=9761678142fc865c69b845832fb2bc34&abbucket=5,539.00
乐高旗舰店官网88000动力功能AAA电池盒LEGO积木玩具,https://detail.tmall.com/item.htm?id=618666417718&rn=9761678142fc865c69b845832fb2bc34&abbucket=5,139.00
乐高旗舰店官网2020年新品88010遥控器 玩具积木,https://detail.tmall.com/item.htm?id=618666949071&rn=9761678142fc865c69b845832fb2bc34&abbucket=5,229.00
乐高旗舰店官网6月新品创意百变组31109海盗船玩具积木,https://detail.tmall.com/item.htm?id=618756036838&rn=9761678142fc865c69b845832fb2bc34&abbucket=5,1099.00
乐高旗舰店官网6月新品好朋友系列41422熊猫丛林树屋玩具积木,https://detail.tmall.com/item.htm?id=618776548907&rn=9761678142fc865c69b845832fb2bc34&abbucket=5,299.00
乐高旗舰店官网6月新品幻影忍者系列70685寇的幻影旋转陀螺积木,https://detail.tmall.com/item.htm?id=618779008442&rn=9761678142fc865c69b845832fb2bc34&abbucket=5,99.00
乐高旗舰店官网6月新品幻影忍者系列71703风暴战机之战玩具积木,https://detail.tmall.com/item.htm?id=618780032311&rn=9761678142fc865c69b845832fb2bc34&abbucket=5,299.00
乐高旗舰店官网6月新品幻影忍者系列71719赞的米诺巨兽玩具积木,https://detail.tmall.com/item.htm?id=618780684161&rn=9761678142fc865c69b845832fb2bc34&abbucket=5,499.00
乐高旗舰店官网6月新品幻影忍者系列71722骷髅巫师的地牢玩具积木,https://detail.tmall.com/item.htm?id=618782884311&rn=9761678142fc865c69b845832fb2bc34&abbucket=5,999.00
【预售】乐高旗舰店城市组太空60228深空火箭发射控制中心,https://detail.tmall.com/item.htm?id=618854975891&rn=9761678142fc865c69b845832fb2bc34&abbucket=5,789.00
【预售】乐高哈利波特系列75954霍格沃茨城堡玩具积木,https://detail.tmall.com/item.htm?id=618855027709&rn=9761678142fc865c69b845832fb2bc34&abbucket=5,1139.00
乐高哈利波特系列霍格沃茨城堡71043成人收藏,https://detail.tmall.com/item.htm?id=584463158898&rn=9761678142fc865c69b845832fb2bc34,3999.00
乐高旗舰店Ideas系列21319中央咖啡厅老友记收藏送礼,https://detail.tmall.com/item.htm?id=602861773244&rn=9761678142fc865c69b845832fb2bc34,699.00
乐高旗舰店官网2020年新品10269 哈雷戴维森?肥仔?摩托车成人收藏,https://detail.tmall.com/item.htm?id=609666217428&rn=9761678142fc865c69b845832fb2bc34,999.00
乐高旗舰店官网2020年新品Ideas系列21320恐龙化石男女孩玩具礼物,https://detail.tmall.com/item.htm?id=610131579478&rn=9761678142fc865c69b845832fb2bc34,599.00
乐高旗舰店官网10874智能蒸汽火车遥控轨道大颗粒益智积木玩具,https://detail.tmall.com/item.htm?id=574200205913&rn=9761678142fc865c69b845832fb2bc34,549.00
乐高旗舰店官网幻影忍者系列 71699 雷霆突击战车,https://detail.tmall.com/item.htm?id=609967853576&rn=9761678142fc865c69b845832fb2bc34,409.00
乐高旗舰店官网Ideas系列21317汽船威利玩具积木收藏送礼积木玩具,https://detail.tmall.com/item.htm?id=597551219831&rn=9761678142fc865c69b845832fb2bc34,899.00
乐高旗舰店官网2020年新品 机械组42109Top Gear拉力赛车积木玩具,https://detail.tmall.com/item.htm?id=609417967022&rn=9761678142fc865c69b845832fb2bc34,1199.00
